Date,Actual_Direction,Predicted_Direction,Predicted_Probability,Correct
2021-10-21,0,0,0.49970249777037257,True
2021-10-22,1,0,0.4733900739135299,False
2021-10-25,1,0,0.467416590616944,False
2021-10-26,0,0,0.48799343825434705,True
2021-10-27,1,1,0.5063888943415962,True
2021-10-28,1,1,0.5020168499881991,True
2021-10-29,1,0,0.4826721969208786,False
2021-11-01,1,0,0.4841906807960191,False
2021-11-02,1,0,0.4795907150505352,False
2021-11-03,1,0,0.4735945082667119,False
2021-11-04,1,0,0.48608398880357856,False
2021-11-05,1,0,0.48493642931851494,False
2021-11-08,0,0,0.49224046100469065,True
2021-11-09,0,1,0.5015103936949266,False
2021-11-10,1,1,0.522545185160198,True
2021-11-11,1,1,0.5195763530254393,True
2021-11-12,0,1,0.5229111743107833,False
2021-11-15,1,1,0.5437763294177946,True
2021-11-16,0,1,0.522988346478776,False
2021-11-17,1,1,0.5421176727037439,True
2021-11-18,0,1,0.5303995468642742,False
2021-11-19,0,1,0.5489758523831332,False
2021-11-22,1,1,0.5554632262784966,True
2021-11-23,1,1,0.5618228836462846,True
2021-11-24,0,1,0.5650280653033962,False
2021-11-26,1,1,0.6272497281137418,True
2021-11-29,0,1,0.5753791493819577,False
2021-11-30,0,1,0.6182465316829773,False
2021-12-01,1,1,0.6090133668367645,True
2021-12-02,0,1,0.5840162557022223,False
2021-12-03,1,1,0.615396450602414,True
2021-12-06,1,1,0.6045122916476974,True
2021-12-07,1,1,0.5780001968898322,True
2021-12-08,0,1,0.5821652761463687,False
2021-12-09,1,1,0.5943435364638079,True
2021-12-10,0,1,0.5215364285719378,False
2021-12-13,0,1,0.5648116997856591,False
2021-12-14,1,1,0.5532442114478316,True
2021-12-15,0,1,0.5351712422638946,False
2021-12-16,0,1,0.5686678834985069,False
2021-12-17,0,1,0.5691053420955428,False
2021-12-20,1,1,0.5652700002082071,True
2021-12-21,1,1,0.5291487038605504,True
2021-12-22,1,1,0.5679656641579971,True
2021-12-23,1,1,0.5512271873536716,True
2021-12-27,0,1,0.5542314598331025,False
2021-12-28,1,1,0.5322845260291533,True
2021-12-29,0,1,0.5405710216962129,False
2021-12-30,0,1,0.548050990778808,False
2021-12-31,1,1,0.524136972622856,True
2022-01-03,0,1,0.5229141675340957,False
2022-01-04,0,1,0.517696598502458,False
2022-01-05,0,1,0.5801955240269543,False
2022-01-06,0,1,0.5488477694533583,False
2022-01-07,0,1,0.5531470392545059,False
2022-01-10,1,1,0.5568552790284754,True
2022-01-11,1,1,0.5681137679711917,True
2022-01-12,0,1,0.5764210256632254,False
2022-01-13,1,1,0.601801029336538,True
2022-01-14,0,1,0.6061620759234443,False
2022-01-18,0,1,0.6329148242215793,False
2022-01-19,0,1,0.6281634152121912,False
2022-01-20,0,1,0.6212820965618181,False
2022-01-21,1,1,0.6366302489677359,True
2022-01-24,0,1,0.6410249831147867,False
2022-01-25,0,1,0.6568818290890913,False
2022-01-26,0,1,0.6588120572388848,False
2022-01-27,1,1,0.66192156141516,True
2022-01-28,1,1,0.5875445877015515,True
2022-01-31,1,1,0.6101314748407712,True
2022-02-01,1,1,0.5901662295654839,True
2022-02-02,0,1,0.5712768679091367,False
2022-02-03,1,1,0.563173759893434,True
2022-02-04,0,1,0.512358079916008,False
2022-02-07,1,1,0.5434648759981121,True
2022-02-08,1,1,0.5175420424291727,True
2022-02-09,0,1,0.5297867482567475,False
2022-02-10,0,1,0.5275481784196534,False
2022-02-11,0,1,0.5543300442098736,False
2022-02-14,1,1,0.5165905729791196,True
2022-02-15,1,1,0.5149101146550492,True
2022-02-16,0,1,0.5648407621100608,False
2022-02-17,0,1,0.5664264302316777,False
2022-02-18,0,1,0.5652535059751533,False
2022-02-22,0,1,0.5605746178162387,False
2022-02-23,1,1,0.6103729527807708,True
2022-02-24,1,1,0.5785103627912882,True
2022-02-25,0,1,0.5534873485763012,False
2022-02-28,0,1,0.5747770572710582,False
2022-03-01,1,1,0.5825003091649351,True
2022-03-02,0,1,0.5358996388292355,False
2022-03-03,0,1,0.5552922154761396,False
2022-03-04,0,1,0.5532454795271156,False
2022-03-07,0,1,0.5605023019333071,False
2022-03-08,1,1,0.5260814260737652,True
2022-03-09,0,1,0.5229834468588637,False
2022-03-10,0,1,0.590353678572211,False
2022-03-11,0,1,0.6097604286154572,False
2022-03-14,1,1,0.5481221491495581,True
2022-03-15,1,0,0.48524559363411646,False
2022-03-16,1,1,0.5528771542678834,True
2022-03-17,1,1,0.5580091930281984,True
2022-03-18,0,1,0.5340423645979815,False
2022-03-21,1,0,0.48496509973859014,False
2022-03-22,0,0,0.49076709604830127,True
2022-03-23,1,1,0.5419869873513752,True
2022-03-24,1,0,0.4688591994257757,False
2022-03-25,1,0,0.4653258699083146,False
2022-03-28,1,0,0.46618210787545633,False
2022-03-29,0,1,0.5098403838088031,False
2022-03-30,0,0,0.4982717177560471,True
2022-03-31,1,1,0.5047122145873901,True
2022-04-01,1,0,0.4759546177273049,False
2022-04-04,0,0,0.49451743844487067,True
2022-04-05,0,1,0.5570367349096822,False
2022-04-06,1,1,0.5347101737355506,True
2022-04-07,0,1,0.5498195603816262,False
2022-04-08,0,1,0.570179658275976,False
2022-04-11,0,1,0.6112806975837694,False
2022-04-12,1,1,0.5756772770963757,True
2022-04-13,0,1,0.5597726212148455,False
2022-04-14,0,1,0.6068257414660598,False
2022-04-18,1,1,0.6149210639140834,True
2022-04-19,0,1,0.5999386875256895,False
2022-04-20,0,1,0.5974183505011157,False
2022-04-21,0,1,0.6143014766830777,False
2022-04-22,1,1,0.602789428298092,True
2022-04-25,0,1,0.5676506946653322,False
2022-04-26,1,1,0.6157155572494207,True
2022-04-27,1,1,0.598011383653841,True
2022-04-28,0,1,0.605362790609618,False
2022-04-29,1,1,0.6341192090230551,True
2022-05-02,1,1,0.5859807497663666,True
2022-05-03,1,1,0.5789961681229172,True
2022-05-04,0,1,0.5574828958698531,False
2022-05-05,0,1,0.63336427501635,False
2022-05-06,0,1,0.5186017988526482,False
2022-05-09,1,1,0.5777845688909564,True
2022-05-10,0,1,0.5199124972035596,False
2022-05-11,0,1,0.6094620206196893,False
2022-05-12,1,1,0.5785113836387669,True
2022-05-13,0,1,0.5505347505002339,False
2022-05-16,1,1,0.5794745646420651,True
2022-05-17,0,1,0.551117582413306,False
2022-05-18,0,1,0.6139386088992854,False
2022-05-19,1,0,0.48858320217186574,False
2022-05-20,1,1,0.5427213884747094,True
2022-05-23,0,1,0.5030707159579354,False
2022-05-24,1,1,0.6267912884754785,True
2022-05-25,1,1,0.5245881699998255,True
2022-05-26,1,1,0.513644236314794,True
2022-05-27,0,1,0.5224730319347126,False
2022-05-31,0,1,0.5289343259109365,False
2022-06-01,1,0,0.49367477909069113,False
2022-06-02,0,0,0.4142225658654076,True
2022-06-03,1,1,0.5192361799776783,True
2022-06-06,1,1,0.5030923312346,True
2022-06-07,0,1,0.5293224508522387,False
2022-06-08,0,0,0.4868588895990652,True
2022-06-09,0,1,0.5343458366873305,False
2022-06-10,0,1,0.5194937915498592,False
2022-06-13,0,1,0.5419787349306096,False
2022-06-14,1,1,0.5261796722067736,True
2022-06-15,0,1,0.5502883089761722,False
2022-06-16,1,1,0.6602299701648113,True
2022-06-17,1,1,0.5954950769007837,True
2022-06-21,0,1,0.566514476163089,False
2022-06-22,1,1,0.6015851625505976,True
2022-06-23,1,1,0.6055359934938952,True
2022-06-24,0,1,0.5171079844646226,False
2022-06-27,0,1,0.5378408232469934,False
2022-06-28,0,1,0.5403739090370839,False
2022-06-29,0,1,0.5180310849157548,False
2022-06-30,1,1,0.5309720468365495,True
2022-07-01,1,0,0.4957742147968357,False
2022-07-05,1,1,0.5323013334913729,True
2022-07-06,1,1,0.525501596761251,True
2022-07-07,0,1,0.5091512144132149,False
2022-07-08,0,0,0.49995140283642153,True
2022-07-11,0,1,0.5406228214389736,False
2022-07-12,0,1,0.5213722585008073,False
2022-07-13,0,1,0.5080539305951215,False
2022-07-14,1,1,0.5401048816820068,True
2022-07-15,0,1,0.5397883434654039,False
2022-07-18,1,1,0.6009223405443388,True
2022-07-19,1,1,0.503507040606203,True
2022-07-20,1,1,0.5219193587618949,True
2022-07-21,0,1,0.5016149464173875,False
2022-07-22,1,1,0.5217216095909097,True
2022-07-25,0,0,0.46113445687854354,True
2022-07-26,1,1,0.5171216716647837,True
2022-07-27,1,0,0.4931174326278745,False
2022-07-28,1,1,0.5320712267976303,True
2022-07-29,0,1,0.5266085414770597,False
2022-08-01,0,1,0.5051280231908685,False
2022-08-02,1,0,0.49889808049681716,False
2022-08-03,0,0,0.47261124677088906,True
2022-08-04,0,1,0.5053708455264473,False
2022-08-05,0,0,0.4990335903285443,True
2022-08-08,0,1,0.5163538615980076,False
2022-08-09,1,1,0.506734863695632,True
2022-08-10,0,1,0.5319323099106106,False
2022-08-11,1,1,0.5415850521893087,True
2022-08-12,1,1,0.5120423551939186,True
2022-08-15,1,1,0.5059455252610805,True
2022-08-16,0,0,0.4787213548061118,True
2022-08-17,1,1,0.5342601007075979,True
2022-08-18,0,1,0.5029406905779776,False
2022-08-19,0,1,0.5496441749134372,False
2022-08-22,0,1,0.5578336175917658,False
2022-08-23,1,1,0.5649640630135975,True
2022-08-24,1,1,0.5803775499024311,True
2022-08-25,0,1,0.5773487243543319,False
2022-08-26,0,1,0.6443455739548951,False
2022-08-29,0,1,0.5806334585150322,False
2022-08-30,0,1,0.6136504995288783,False
2022-08-31,1,1,0.6066983432410381,True
2022-09-01,0,1,0.6600113571515269,False
2022-09-02,0,1,0.64856257791843,False
2022-09-06,1,1,0.6406032169309958,True
2022-09-07,1,1,0.6166372015386843,True
2022-09-08,1,1,0.6255269020445582,True
2022-09-09,1,1,0.6194868054362842,True
2022-09-12,0,1,0.5537665236862273,False
2022-09-13,1,1,0.5925657240507999,True
2022-09-14,0,1,0.5279070022934088,False
2022-09-15,0,1,0.5692719869116362,False
2022-09-16,1,1,0.575492511400107,True
2022-09-19,0,1,0.5864215796900039,False
2022-09-20,0,1,0.5774900323530006,False
2022-09-21,0,1,0.5992044307344908,False
2022-09-22,0,1,0.5734515028787956,False
2022-09-23,0,1,0.5826975854485416,False
2022-09-26,0,1,0.6048806324647669,False
2022-09-27,1,1,0.5797149159038056,True
2022-09-28,0,1,0.5961600907121816,False
2022-09-29,0,1,0.6422723681454037,False
2022-09-30,1,1,0.6113637314598434,True
2022-10-03,1,1,0.5541647256484393,True
2022-10-04,0,1,0.5432980256151598,False
2022-10-05,0,1,0.5850717209114875,False
2022-10-06,0,1,0.5495542432291435,False
2022-10-07,0,1,0.5095445390496844,False
2022-10-10,0,0,0.4930240906823542,True
2022-10-11,0,1,0.54805898331719,False
2022-10-12,1,1,0.5591741211911615,True
2022-10-13,0,1,0.5159699387321294,False
2022-10-14,1,1,0.5561585296300874,True
2022-10-17,1,1,0.5175837726721694,True
2022-10-18,0,1,0.5631800354128468,False
2022-10-19,0,1,0.5302598413860865,False
2022-10-20,1,1,0.5252614815399247,True
2022-10-21,1,0,0.4559572257856233,False
2022-10-24,1,1,0.5322104451994977,True
2022-10-25,0,1,0.528513144616964,False
2022-10-26,0,1,0.5241201926401936,False
2022-10-27,1,1,0.5025305476954244,True
2022-10-28,0,0,0.4460760459419876,True
2022-10-31,0,1,0.5112516071204527,False
2022-11-01,0,0,0.49962085799646966,True
2022-11-02,0,1,0.5169060349598376,False
2022-11-03,1,0,0.47455568586793634,False
2022-11-04,1,1,0.5390450073806309,True
2022-11-07,1,1,0.5541992088077746,True
2022-11-08,0,1,0.5730413413507601,False
2022-11-09,1,1,0.551968728095718,True
2022-11-10,1,0,0.4549450080950191,False
2022-11-11,0,1,0.5806264640448681,False
2022-11-14,1,1,0.5471886536008898,True
2022-11-15,0,1,0.5113538798936386,False
2022-11-16,0,0,0.4696810840286877,True
2022-11-17,1,1,0.5280665345530374,True
2022-11-18,0,1,0.5273139236097688,False
2022-11-21,1,1,0.5315149993699837,True
2022-11-22,1,1,0.5086894789327572,True
2022-11-23,0,1,0.5010790261058994,False
2022-11-25,0,1,0.5721978308440487,False
2022-11-28,0,1,0.551115895465165,False
2022-11-29,1,1,0.521688513856088,True
2022-11-30,0,1,0.5041976652842097,False
2022-12-01,0,1,0.5780764675285716,False
2022-12-02,0,1,0.5741242136675901,False
2022-12-05,0,1,0.5580268543601614,False
2022-12-06,0,1,0.539978155687286,False
2022-12-07,1,1,0.5692609707899421,True
2022-12-08,0,1,0.5700029956235028,False
2022-12-09,1,1,0.5835269794463042,True
2022-12-12,1,1,0.5507220235433158,True
2022-12-13,0,1,0.5803415670830181,False
2022-12-14,0,1,0.6142489938425166,False
2022-12-15,0,1,0.6096303602126141,False
2022-12-16,0,1,0.5599492891849617,False
2022-12-19,1,1,0.5649119966117001,True
2022-12-20,1,1,0.6148256658999296,True
2022-12-21,0,1,0.6147489785900483,False
2022-12-22,1,1,0.642898787882901,True
2022-12-23,0,1,0.5905143734973828,False
2022-12-27,0,1,0.6062878271970424,False
2022-12-28,1,1,0.596312735547073,True
2022-12-29,0,1,0.5617860583045705,False
2022-12-30,0,1,0.5716332605878441,False
2023-01-03,1,1,0.5994711444149403,True
2023-01-04,0,1,0.5919733645974723,False
2023-01-05,1,1,0.5954846878007269,True
2023-01-06,0,1,0.5533177391604714,False
2023-01-09,1,1,0.5505140456336973,True
2023-01-10,1,1,0.5359186186940327,True
2023-01-11,1,1,0.5203864028975509,True
2023-01-12,1,1,0.5131851480839987,True
2023-01-13,0,1,0.5335489006646666,False
2023-01-17,0,1,0.5201450208975226,False
2023-01-18,0,1,0.5244210751585239,False
2023-01-19,1,1,0.5167862258317371,True
2023-01-20,1,0,0.4920391639811335,False
2023-01-23,0,1,0.5438207655810551,False
2023-01-24,0,1,0.5495694584580332,False
2023-01-25,1,1,0.5283873336150123,True
2023-01-26,1,0,0.49143980555178784,False
2023-01-27,0,1,0.5210120377841929,False
2023-01-30,1,1,0.5371946202158941,True
2023-01-31,1,1,0.5023404721323667,True
2023-02-01,1,1,0.5125924235369842,True
2023-02-02,0,1,0.5229758992237982,False
2023-02-03,0,1,0.5785049903814725,False
2023-02-06,1,1,0.5227059107957283,True
2023-02-07,0,0,0.4932786779614774,True
2023-02-08,0,1,0.5239365369702653,False
2023-02-09,1,1,0.5528448088274375,True
2023-02-10,1,1,0.5401739245760204,True
2023-02-13,0,1,0.5229182408979288,False
2023-02-14,1,1,0.5836428078110295,True
2023-02-15,0,1,0.576138082668664,False
2023-02-16,0,1,0.5878721983225488,False
2023-02-17,0,1,0.5312100668262703,False
2023-02-21,0,1,0.5842118179560021,False
2023-02-22,1,1,0.5952583414355103,True
2023-02-23,0,1,0.6097408311133626,False
2023-02-24,1,1,0.6190760992035017,True
2023-02-27,0,1,0.6158857741965105,False
2023-02-28,0,1,0.6403615339109072,False
2023-03-01,1,1,0.6185628008902867,True
2023-03-02,1,1,0.6030405204085383,True
2023-03-03,1,1,0.5661257782566992,True
2023-03-06,0,1,0.6170725300517199,False
2023-03-07,1,1,0.6056564311210959,True
2023-03-08,0,1,0.5762460528036634,False
2023-03-09,0,1,0.6025936779771709,False
2023-03-10,0,1,0.5946876963356792,False
2023-03-13,1,1,0.588494297055825,True
2023-03-14,0,1,0.5571470273326349,False
2023-03-15,1,1,0.6164473753807987,True
2023-03-16,0,1,0.5674358396136934,False
2023-03-17,1,1,0.6036604678028132,True
2023-03-20,1,1,0.5445539889586952,True
2023-03-21,0,1,0.5451819192622149,False
2023-03-22,1,1,0.5682477321813488,True
2023-03-23,1,1,0.549240994698192,True
2023-03-24,1,1,0.540791382367726,True
2023-03-27,0,1,0.5478600897713304,False
2023-03-28,1,1,0.5817513468385791,True
2023-03-29,1,1,0.5099001777249172,True
2023-03-30,1,1,0.5244722106949126,True
2023-03-31,1,0,0.49140443261578587,False
2023-04-03,0,1,0.525833634533258,False
2023-04-04,0,1,0.5190428264266514,False
2023-04-05,1,1,0.5022895396007963,True
2023-04-06,1,0,0.4966614908871182,False
2023-04-10,0,1,0.5208872851703874,False
2023-04-11,0,1,0.529642283726049,False
2023-04-12,1,0,0.4923823510220582,False
2023-04-13,0,0,0.49358566944800963,True
2023-04-14,1,1,0.5132096839554304,True
2023-04-17,1,1,0.5210943351839851,True
2023-04-18,0,1,0.504770012512682,False
2023-04-19,0,0,0.4980148445534062,True
2023-04-20,1,1,0.5445088184789872,True
2023-04-21,1,1,0.5497510702587081,True
2023-04-24,0,1,0.5612426975687957,False
2023-04-25,0,1,0.5910577070593636,False
2023-04-26,1,1,0.5756503741156225,True
2023-04-27,1,1,0.546831011925746,True
2023-04-28,0,1,0.5639661280995962,False
2023-05-01,0,1,0.5762387532639233,False
2023-05-02,0,1,0.5662211801161843,False
2023-05-03,0,1,0.5662122573553737,False
2023-05-04,1,1,0.5782372638952605,True
2023-05-05,1,1,0.5573870038184221,True
2023-05-08,0,1,0.5949500119918535,False
2023-05-09,1,1,0.578719798421952,True
2023-05-10,0,1,0.5603093551669804,False
2023-05-11,0,1,0.5690040455850911,False
2023-05-12,1,1,0.5823371814133452,True
2023-05-15,0,1,0.5477705958228515,False
2023-05-16,1,1,0.546431859576117,True
2023-05-17,1,1,0.5494200533774569,True
2023-05-18,0,1,0.562750065323523,False
2023-05-19,1,1,0.587670771073288,True
2023-05-22,0,1,0.549758949493288,False
2023-05-23,0,1,0.5445495376431816,False
2023-05-24,1,1,0.5406483250449546,True
2023-05-25,1,1,0.5410237854082962,True
2023-05-26,1,1,0.5438224720175839,True
2023-05-30,0,1,0.5658175466252825,False
2023-05-31,1,1,0.5625856254698192,True
2023-06-01,1,1,0.5337532769662335,True
2023-06-02,0,1,0.5282648655485148,False
2023-06-05,1,1,0.5424044775049759,True
2023-06-06,0,1,0.5220868065198814,False
2023-06-07,1,1,0.5190215665404841,True
2023-06-08,1,1,0.5160511600752695,True
2023-06-09,1,1,0.5472810473084136,True
2023-06-12,1,1,0.534882107731586,True
2023-06-13,1,1,0.5117536495127177,True
2023-06-14,1,0,0.49225722423373913,False
2023-06-15,0,0,0.4893210615013867,True
2023-06-16,0,1,0.5170220083506561,False
2023-06-20,0,1,0.5130058948265198,False
2023-06-21,1,1,0.5114564131021914,True
2023-06-22,0,1,0.5059912035958284,False
2023-06-23,0,1,0.5674791272778213,False
2023-06-26,1,1,0.5549892619509516,True
2023-06-27,0,1,0.5437262447185321,False
2023-06-28,1,1,0.5580647518136831,True
2023-06-29,1,1,0.5587316909325202,True
2023-06-30,1,1,0.5424744496749689,True
2023-07-03,0,1,0.5397948119672911,False
2023-07-05,0,1,0.557236345652403,False
2023-07-06,0,1,0.5572459736057236,False
2023-07-07,1,1,0.574460031939439,True
2023-07-10,1,1,0.5647749156204428,True
2023-07-11,1,1,0.5584404628567996,True
2023-07-12,1,1,0.5589490294638072,True
2023-07-13,0,1,0.5432221224240572,False
2023-07-14,1,1,0.5360860288269663,True
2023-07-17,1,1,0.5128074792977305,True
2023-07-18,1,1,0.5113752842301813,True
2023-07-19,0,1,0.5135934601578379,False
2023-07-20,1,1,0.535037690557643,True
2023-07-21,1,1,0.5304895787289383,True
2023-07-24,1,1,0.5364595176927209,True
2023-07-25,0,1,0.5428860760840903,False
2023-07-26,0,1,0.5240682281736057,False
2023-07-27,1,1,0.5331290855912462,True
2023-07-28,1,1,0.5043033129295932,True
2023-07-31,0,1,0.5281160216197602,False
2023-08-01,0,1,0.5514786403982462,False
2023-08-02,0,1,0.5894211892522797,False
2023-08-03,0,1,0.5620103886375251,False
2023-08-04,1,1,0.5970686973968493,True
2023-08-07,0,1,0.5933958465160287,False
2023-08-08,0,1,0.6231373817666388,False
2023-08-09,1,1,0.6064691235301116,True
2023-08-10,0,1,0.5939291346728928,False
2023-08-11,1,1,0.6152670669327491,True
2023-08-14,0,1,0.6105790243805591,False
2023-08-15,0,1,0.6265588799305738,False
2023-08-16,0,1,0.6018024197631816,False
2023-08-17,0,1,0.6339352233692083,False
2023-08-18,1,1,0.6283352428734772,True
2023-08-21,0,1,0.6374071603144313,False
2023-08-22,1,1,0.6262963820489126,True
2023-08-23,0,1,0.5890242545628318,False
2023-08-24,1,1,0.6123752351732104,True
2023-08-25,1,1,0.5799275883975544,True
2023-08-28,1,1,0.5874594530037796,True
2023-08-29,1,1,0.5434015164273398,True
2023-08-30,0,1,0.57115624879421,False
2023-08-31,1,1,0.5429562107775545,True
2023-09-01,0,1,0.5431578407762929,False
2023-09-05,0,1,0.5315166469157305,False
2023-09-06,0,1,0.5341486975901464,False
2023-09-07,1,1,0.5356313763588801,True
2023-09-08,1,1,0.5164990614971579,True
2023-09-11,0,1,0.5423535370642916,False
2023-09-12,1,1,0.5581973045928706,True
2023-09-13,1,1,0.5682632808238427,True
2023-09-14,0,1,0.521632094911054,False
2023-09-15,1,1,0.561174795378375,True
2023-09-18,0,1,0.5547000490700654,False
2023-09-19,0,1,0.5745929925697354,False
2023-09-20,0,1,0.5988158364295653,False
2023-09-21,0,1,0.6164509773036742,False
2023-09-22,1,1,0.6084484165535252,True
2023-09-25,0,1,0.6097267552792123,False
2023-09-26,1,1,0.6284503571013903,True
2023-09-27,1,1,0.6109009987942122,True
2023-09-28,0,1,0.6064269222615013,False
2023-09-29,1,1,0.6204489845108431,True
2023-10-02,0,1,0.6270353798487719,False
2023-10-03,1,1,0.6251453956894234,True
2023-10-04,0,1,0.5996998328983062,False
2023-10-05,1,1,0.6111958131422515,True
2023-10-06,1,1,0.5895971290793102,True
2023-10-09,1,1,0.5965217105132875,True
2023-10-10,1,1,0.5545483394858998,True
2023-10-11,0,1,0.5390784644451052,False
2023-10-12,0,1,0.5372224149935141,False
2023-10-13,1,1,0.5436228897236348,True
2023-10-16,0,0,0.49831973231959903,True
2023-10-17,0,1,0.5140727112238994,False
2023-10-18,0,1,0.5657323459102628,False
2023-10-19,0,1,0.546873901395703,False
2023-10-20,0,1,0.5590056516334039,False
2023-10-23,1,1,0.5502238290618774,True
2023-10-24,0,1,0.5705509123196524,False
2023-10-25,0,1,0.5938934452645517,False
2023-10-26,0,1,0.59335469812067,False
2023-10-27,1,1,0.5923998808594005,True
2023-10-30,1,1,0.5929745983136296,True
2023-10-31,1,1,0.6199937184912732,True
2023-11-01,1,1,0.5781554926393823,True
2023-11-02,1,1,0.5495145197971057,True
2023-11-03,1,1,0.5424295130072744,True
2023-11-06,1,1,0.548494046470253,True
2023-11-07,1,1,0.5209678808566951,True
2023-11-08,0,0,0.49088622030519014,True
2023-11-09,1,1,0.5026594844179283,True
2023-11-10,0,0,0.4819846551602385,True
2023-11-13,1,1,0.5208554113774715,True
2023-11-14,1,0,0.4821291635597866,False
2023-11-15,1,0,0.49586547882801735,False
2023-11-16,1,0,0.4702372503346803,False
2023-11-17,1,0,0.47424579855014654,False
2023-11-20,0,0,0.44993472658310624,True
2023-11-21,1,0,0.4814273450349487,False
2023-11-22,1,0,0.4827681445203857,False
2023-11-24,0,0,0.48533367850094444,True
2023-11-27,1,1,0.5060803935415681,True
2023-11-28,0,0,0.4940109115459617,True
2023-11-29,1,1,0.5167504114193531,True
2023-11-30,1,0,0.4809752796944138,False
2023-12-01,0,0,0.4874019554895797,True
2023-12-04,0,1,0.5143096951482742,False
2023-12-05,0,1,0.5360902408623438,False
2023-12-06,1,1,0.5462214232361783,True
2023-12-07,1,1,0.5348512816120323,True
2023-12-08,1,1,0.5501106066186626,True
2023-12-11,1,1,0.5412866638096085,True
2023-12-12,1,1,0.5350444261510597,True
2023-12-13,1,1,0.5039433582541313,True
2023-12-14,0,1,0.5275771863996597,False
2023-12-15,1,1,0.5157057102779158,True
2023-12-18,1,0,0.49514821310079254,False
2023-12-19,0,0,0.4887629187151411,True
2023-12-20,1,1,0.5455846865813289,True
2023-12-21,1,1,0.5206975157354891,True
2023-12-22,1,1,0.525095150879142,True
2023-12-26,1,1,0.5257879555469801,True
2023-12-27,1,1,0.5290794496933033,True
2023-12-28,0,1,0.5219396470018096,False
2023-12-29,0,1,0.5320315920550408,False
2024-01-02,0,1,0.5412064118098665,False
2024-01-03,0,1,0.569022502391537,False
2024-01-04,1,1,0.5910005579381278,True
2024-01-05,1,1,0.5860643183206914,True
2024-01-08,0,1,0.5820156691093985,False
2024-01-09,1,1,0.6036608613697516,True
2024-01-10,0,1,0.5870260722181944,False
2024-01-11,1,1,0.5560155040176585,True
2024-01-12,0,1,0.5547675731531867,False
2024-01-16,0,1,0.5782324341524925,False
2024-01-17,1,1,0.5862502132728449,True
2024-01-18,1,1,0.565269816150462,True
2024-01-19,1,1,0.5592666077280324,True
2024-01-22,1,1,0.5760063322329035,True
2024-01-23,1,1,0.5524531872254131,True
2024-01-24,1,1,0.5108183373723693,True
2024-01-25,0,0,0.49886691961851415,True
2024-01-26,1,1,0.5106030347912868,True
2024-01-29,0,1,0.5066503277253184,False
2024-01-30,0,1,0.5124017354572298,False
2024-01-31,1,1,0.5556383299571321,True
2024-02-01,1,1,0.5277297453357243,True
2024-02-02,0,1,0.5370775068599759,False
2024-02-05,1,1,0.5500073318945643,True
2024-02-06,1,1,0.5251816003354532,True
2024-02-07,1,1,0.5044124895464192,True
2024-02-08,1,1,0.5314017509934393,True
2024-02-09,0,1,0.526734143430678,False
2024-02-12,0,1,0.5342850767246157,False
2024-02-13,1,1,0.5533781731121074,True
2024-02-14,1,1,0.5234123904631425,True
2024-02-15,0,1,0.5490858894185175,False
2024-02-16,0,1,0.5773753342571676,False
2024-02-20,1,1,0.5733460549258395,True
2024-02-21,1,1,0.5301112151588806,True
2024-02-22,1,1,0.5311818491457998,True
2024-02-23,0,1,0.5667915793337945,False
2024-02-26,1,1,0.560198294997661,True
2024-02-27,0,1,0.5317138699463412,False
2024-02-28,1,1,0.5330130309000639,True
2024-02-29,1,1,0.562635667195588,True
2024-03-01,0,1,0.5497583122619569,False
2024-03-04,0,1,0.5482948624459265,False
2024-03-05,1,1,0.5453388040945122,True
2024-03-06,1,1,0.5304612930757198,True
2024-03-07,0,1,0.550237290549282,False
2024-03-08,0,1,0.566011855310179,False
2024-03-11,1,1,0.541074324063409,True
2024-03-12,0,1,0.520157595966161,False
2024-03-13,0,1,0.5637761030102301,False
2024-03-14,0,1,0.5707313654314741,False
2024-03-15,1,1,0.5679408982966656,True
2024-03-18,1,1,0.5450553192782283,True
2024-03-19,1,1,0.5523337469014158,True
2024-03-20,1,1,0.5565781586198645,True
2024-03-21,0,1,0.5630555826026408,False
2024-03-22,0,1,0.5464032600928275,False
2024-03-25,0,1,0.5344054501559297,False
2024-03-26,1,1,0.5482968186841526,True
2024-03-27,1,1,0.541043641084783,True
2024-03-28,0,1,0.5395139539629714,False
2024-04-01,0,1,0.5385758049988251,False
2024-04-02,1,1,0.5762059807601688,True
2024-04-03,0,1,0.5588515491276412,False
2024-04-04,1,1,0.592878292798566,True
2024-04-05,0,1,0.5455092754788156,False
2024-04-08,1,1,0.5799079884523766,True
2024-04-09,0,1,0.5747867156078464,False
2024-04-10,1,1,0.6097996772270113,True
2024-04-11,0,1,0.5820144114869837,False
2024-04-12,0,1,0.6216667969141156,False
2024-04-15,0,1,0.6120097035403222,False
2024-04-16,0,1,0.6014350520254965,False
2024-04-17,0,1,0.6278322710567954,False
2024-04-18,0,1,0.6375541502186846,False
2024-04-19,1,1,0.6580506793896745,True
2024-04-22,1,1,0.6162037710670486,True
2024-04-23,1,1,0.6141624872262962,True
2024-04-24,0,1,0.6023840847538977,False
2024-04-25,1,1,0.6208986780851273,True
2024-04-26,1,1,0.5612331222712716,True
2024-04-29,0,1,0.5745443671479632,False
2024-04-30,0,1,0.5983137431569233,False
2024-05-01,1,1,0.5796192654782705,True
2024-05-02,1,1,0.5506985412512359,True
2024-05-03,1,1,0.5335984695991104,True
2024-05-06,1,1,0.5541144079567346,True
2024-05-07,0,1,0.5351681513156125,False
2024-05-08,1,1,0.5096204524927498,True
2024-05-09,1,0,0.4759366501573686,False
2024-05-10,0,1,0.5062272357767859,False
2024-05-13,1,1,0.5148436706746521,True
2024-05-14,1,0,0.491632743675451,False
2024-05-15,0,0,0.48354116775380557,True
2024-05-16,1,1,0.5190250161088096,True
2024-05-17,1,1,0.5148333164264781,True
2024-05-20,1,0,0.4637736626613295,False
2024-05-21,0,0,0.4455934362025199,True
2024-05-22,0,0,0.47609603825901436,True
2024-05-23,1,1,0.5107962662798806,True
2024-05-24,1,0,0.49866868348464766,False
2024-05-28,0,1,0.5182580523898772,False
2024-05-29,0,1,0.5583170484764381,False
2024-05-30,1,1,0.5755919719713032,True
2024-05-31,1,1,0.5357552720733644,True
2024-06-03,1,1,0.5600182920728112,True
2024-06-04,1,1,0.568102714351459,True
2024-06-05,0,1,0.5590924567869385,False
2024-06-06,0,1,0.5561150259480206,False
2024-06-07,1,1,0.554190997158806,True
2024-06-10,1,1,0.5524148310716138,True
2024-06-11,1,1,0.5442102421058983,True
2024-06-12,1,1,0.5279636494093091,True
2024-06-13,0,1,0.5124562914473466,False
2024-06-14,1,1,0.529944164959051,True
2024-06-17,1,1,0.5075256172109955,True
2024-06-18,0,0,0.4893025124000477,True
2024-06-20,0,0,0.49187047158445407,True
2024-06-21,0,0,0.48940038048771867,True
2024-06-24,1,0,0.49986366168766755,False
2024-06-25,1,0,0.4997766873280741,False
2024-06-26,1,1,0.5230732355679419,True
2024-06-27,0,1,0.5294730162450397,False
2024-06-28,1,1,0.5382610804612815,True
2024-07-01,1,1,0.5201760977494303,True
2024-07-02,1,1,0.5299811278432423,True
2024-07-03,1,1,0.53525405020643,True
2024-07-05,1,1,0.5252662726129311,True
2024-07-08,1,1,0.5219582422268227,True
2024-07-09,1,1,0.5236727226332624,True
2024-07-10,0,1,0.5103553266266516,False
2024-07-11,1,1,0.54298124088199,True
2024-07-12,1,1,0.5135821460679377,True
2024-07-15,1,1,0.5080141759185249,True
2024-07-16,0,1,0.5086238426424401,False
2024-07-17,0,1,0.5659098136664991,False
2024-07-18,0,1,0.5528504515521925,False
2024-07-19,1,1,0.5664559281384167,True
2024-07-22,0,1,0.5515853736729267,False
2024-07-23,0,1,0.5967325095938518,False
2024-07-24,0,1,0.6290276066308012,False
2024-07-25,1,1,0.5995509591868255,True
2024-07-26,1,1,0.5904126631968418,True
2024-07-29,0,1,0.626649714247461,False
2024-07-30,1,1,0.6485775738974399,True
2024-07-31,0,1,0.5708643749723803,False
2024-08-01,0,1,0.6089190881533697,False
2024-08-02,0,1,0.6127807333196577,False
2024-08-05,1,1,0.6350710783266922,True
2024-08-06,0,1,0.5753477374891998,False
2024-08-07,1,1,0.6227519988661447,True
2024-08-08,1,1,0.6008886217666599,True
2024-08-09,1,1,0.6376545313960142,True
2024-08-12,1,1,0.5949127238691394,True
2024-08-13,1,1,0.5517103220553251,True
2024-08-14,1,1,0.5557151528680087,True
2024-08-15,1,1,0.525997011904352,True
2024-08-16,1,1,0.5252307163404152,True
2024-08-19,0,0,0.47924844549624346,True
2024-08-20,1,1,0.5363890597395233,True
2024-08-21,0,0,0.49641729610134516,True
2024-08-22,1,1,0.523578428223964,True
2024-08-23,0,0,0.44075877226746424,True
2024-08-26,1,0,0.4818217129918559,False
2024-08-27,0,0,0.47613579390159533,True
2024-08-28,0,0,0.4957120394217453,True
2024-08-29,1,1,0.5029125340269383,True
2024-08-30,0,1,0.5027537181808217,False
2024-09-03,0,1,0.5771134635832749,False
2024-09-04,0,1,0.5379491792857688,False
2024-09-05,0,1,0.5749853016800344,False
2024-09-06,1,1,0.5884697533456085,True
2024-09-09,1,1,0.604409321518913,True
2024-09-10,1,1,0.594782853807376,True
2024-09-11,1,1,0.5895820450385197,True
2024-09-12,1,1,0.5776650053800109,True
2024-09-13,1,1,0.5576830327824479,True
2024-09-16,1,1,0.567518922873551,True
2024-09-17,0,1,0.5342150090814224,False
2024-09-18,1,1,0.5490938050587328,True
2024-09-19,0,1,0.5167246627804216,False
2024-09-20,1,1,0.551101195405825,True
2024-09-23,1,1,0.5209185943483757,True
2024-09-24,0,1,0.5138057994330691,False
2024-09-25,1,1,0.508331534047433,True
2024-09-26,0,0,0.47968454475196043,True
2024-09-27,1,0,0.485922047357409,False
2024-09-30,0,0,0.4790018553087449,True
2024-10-01,1,1,0.5357169965604692,True
2024-10-02,0,1,0.5201576388544376,False
2024-10-03,1,1,0.561546102141004,True
2024-10-04,0,1,0.5360286895924999,False
2024-10-07,1,1,0.5771475288376149,True
2024-10-08,1,1,0.5324444623166399,True
2024-10-09,0,1,0.5501194431131387,False
2024-10-10,1,1,0.5574321668633657,True
2024-10-11,1,1,0.5474154069399211,True
2024-10-14,0,1,0.53150161248606,False
2024-10-15,1,1,0.548950324266567,True
2024-10-16,0,1,0.541211449646026,False
2024-10-17,1,1,0.5329819576464176,True
2024-10-18,0,1,0.5482040946286979,False
2024-10-21,0,1,0.5355408021519238,False
2024-10-22,0,1,0.5383169771002041,False
2024-10-23,1,1,0.5623716700180694,True
2024-10-24,0,1,0.5498813356128328,False
2024-10-25,1,1,0.5550975933314686,True
2024-10-28,1,1,0.565642022055186,True
2024-10-29,0,1,0.5760334688271638,False
2024-10-30,0,1,0.5783092852411057,False
2024-10-31,1,1,0.6219372537195059,True
2024-11-01,0,1,0.6052802076605481,False
2024-11-04,1,1,0.6216583280533837,True
2024-11-05,1,1,0.5979408886899515,True
2024-11-06,1,1,0.5599711943869742,True
2024-11-07,1,1,0.5662951317759597,True
2024-11-08,1,1,0.5438489396519215,True
2024-11-11,0,1,0.5158172571601066,False
2024-11-12,1,1,0.5001075772493238,True
2024-11-13,0,1,0.5022266877309715,False
2024-11-14,0,1,0.5113421982390708,False
2024-11-15,1,1,0.5517637983018914,True
2024-11-18,1,1,0.5391128395264779,True
2024-11-19,1,1,0.5585652213536989,True
2024-11-20,1,1,0.5647025513007733,True
2024-11-21,1,1,0.5446846719025275,True
2024-11-22,1,1,0.5267895703962674,True
2024-11-25,1,1,0.5320466311668713,True
2024-11-26,0,1,0.545778038373388,False
2024-11-27,1,1,0.569900891290351,True
2024-11-29,1,1,0.5553908376851935,True
2024-12-02,1,1,0.5473728058285051,True
2024-12-03,1,1,0.5534884111210554,True
2024-12-04,0,1,0.5388720666319053,False
2024-12-05,1,1,0.5224243052059921,True
2024-12-06,0,0,0.4861378241554764,True
2024-12-09,0,1,0.5186820541223112,False
2024-12-10,1,1,0.5263151768705138,True
2024-12-11,0,1,0.5228769573782274,False
2024-12-12,0,1,0.5517843272938522,False
2024-12-13,1,1,0.5633921629893204,True
2024-12-16,0,1,0.5561876791216785,False
2024-12-17,0,1,0.5713677178710374,False
2024-12-18,0,1,0.628097422742845,False
2024-12-19,1,1,0.5977426428957828,True
2024-12-20,1,1,0.5974268047746543,True
2024-12-23,1,1,0.6109309776566012,True
2024-12-24,0,1,0.6130353364831223,False
2024-12-26,0,1,0.5960825171223827,False
2024-12-27,0,1,0.5923275549838741,False
2024-12-30,0,1,0.5855788282137437,False
2024-12-31,0,1,0.5834138199628359,False
2025-01-02,1,1,0.6066532544714456,True
2025-01-03,1,1,0.572780727404508,True
2025-01-06,0,1,0.6003678861156417,False
2025-01-07,1,1,0.6187781228970552,True
2025-01-08,0,1,0.5889198701937963,False
2025-01-10,1,1,0.5829384768650734,True
2025-01-13,1,1,0.5607101823568037,True
2025-01-14,1,1,0.5871708189375698,True
2025-01-15,0,1,0.557424744137516,False
2025-01-16,1,1,0.6067775405431216,True
2025-01-17,1,1,0.5617988256166739,True
2025-01-21,1,1,0.5580907607195795,True
2025-01-22,1,1,0.5115923222121875,True
2025-01-23,0,0,0.49322138105350294,True
2025-01-24,0,0,0.49183895329016064,True
2025-01-27,1,1,0.511934951503398,True
2025-01-28,0,1,0.5056749964932538,False
2025-01-29,1,1,0.5299612592255314,True
2025-01-30,0,1,0.5423383258121781,False
2025-01-31,0,1,0.5271986361100368,False
2025-02-03,1,1,0.5315765239106128,True
2025-02-04,1,1,0.5247906767452666,True
2025-02-05,1,1,0.5448124080873592,True
2025-02-06,0,1,0.5548048673964111,False
2025-02-07,1,1,0.570213923376425,True
2025-02-10,1,1,0.5417431641928987,True
2025-02-11,0,1,0.5771814979447031,False
2025-02-12,1,1,0.579964061261292,True
2025-02-13,0,1,0.5585273288749378,False
2025-02-14,1,1,0.5383755873007494,True
2025-02-18,1,1,0.5415267199615065,True
2025-02-19,0,1,0.5377946253295539,False
2025-02-20,0,1,0.5478960973064564,False
2025-02-21,0,1,0.5774832022974583,False
2025-02-24,0,1,0.5517106454769707,False
2025-02-25,1,1,0.5978016059509066,True
2025-02-26,0,1,0.6053111552357918,False
2025-02-27,1,1,0.6481364243193652,True
2025-02-28,0,1,0.5868605241687903,False
2025-03-03,0,1,0.6440610900639859,False
2025-03-04,1,1,0.6342501386090472,True
2025-03-05,0,1,0.6037975468265281,False
2025-03-06,1,1,0.6354901018681149,True
2025-03-07,0,1,0.6183082686531483,False
2025-03-10,0,1,0.6526320000604056,False
2025-03-11,1,1,0.6152405568223489,True
2025-03-12,0,1,0.6334975719453242,False
2025-03-13,1,1,0.6300010850972921,True
2025-03-14,1,1,0.617828549860262,True
2025-03-17,0,1,0.5947048564830512,False
2025-03-18,1,1,0.597883868385624,True
2025-03-19,0,1,0.5722902354791313,False
2025-03-20,1,1,0.5548261631824595,True
2025-03-21,1,1,0.5714423013999641,True
2025-03-24,1,1,0.5144809625996865,True
2025-03-25,0,1,0.5370146327543056,False
2025-03-26,0,1,0.5442903022475525,False
2025-03-27,0,1,0.516783223396164,False
2025-03-28,1,1,0.5313479035470601,True
2025-03-31,1,1,0.5178867787052506,True
2025-04-01,1,1,0.5314754665979147,True
2025-04-02,0,1,0.5238147313474015,False
2025-04-03,0,1,0.6110558152124663,False
2025-04-04,0,1,0.5769446413857029,False
2025-04-07,0,1,0.564297901039436,False
2025-04-08,1,1,0.6267128033538981,True
2025-04-09,0,1,0.5408464000335463,False
2025-04-10,1,1,0.6884535586115621,True
2025-04-11,1,1,0.5209431566236352,True
2025-04-14,0,1,0.5372417813217685,False
2025-04-15,0,0,0.47423980655557124,True
2025-04-16,1,1,0.5608738104464022,True
2025-04-17,0,0,0.4291873504111968,True
2025-04-21,1,0,0.47604896682065995,False
2025-04-22,1,0,0.4770005520797924,False
2025-04-23,1,1,0.5183647789791762,True
2025-04-24,1,1,0.5836484424909737,True
2025-04-25,1,0,0.4808250036797343,False
2025-04-28,1,0,0.4739414530792779,False
2025-04-29,1,0,0.44616914033629074,False
2025-04-30,1,0,0.47176318960037505,False
2025-05-01,1,0,0.43644409431822323,False
2025-05-02,0,0,0.4739693804380239,True
2025-05-05,0,0,0.4887071095222842,True
2025-05-06,1,1,0.501318824242823,True
2025-05-07,1,0,0.4611247572944882,False
2025-05-08,0,0,0.44229972398497375,True
2025-05-09,1,0,0.4770066392771369,False
2025-05-12,1,0,0.4259388776130429,False
2025-05-13,1,0,0.46510893620599414,False
2025-05-14,1,0,0.46355409823939203,False
2025-05-15,1,0,0.4593994508943105,False
2025-05-16,1,0,0.43569365263867627,False
2025-05-19,0,0,0.46144178156373805,True
2025-05-20,0,0,0.4541754776171366,True
2025-05-21,0,0,0.49687869425270886,True
2025-05-22,0,0,0.4983231137160302,True
2025-05-23,1,1,0.5277915681239904,True
2025-05-27,0,1,0.531581779781135,False
2025-05-28,1,1,0.5664269413048547,True
2025-05-29,0,1,0.5374730754995838,False
2025-05-30,1,1,0.5441091010218484,True
2025-06-02,1,1,0.5479650931145749,True
2025-06-03,1,1,0.5730771111095652,True
2025-06-04,0,1,0.5649354035055159,False
2025-06-05,1,1,0.5685665446638719,True
2025-06-06,1,1,0.5563352807227223,True
2025-06-09,1,1,0.5694743053864325,True
2025-06-10,0,1,0.5678525495673659,False
2025-06-11,1,1,0.5395871110778522,True
2025-06-12,0,1,0.5257746221047177,False
2025-06-13,1,1,0.5506004413791561,True
2025-06-16,0,1,0.5406263358540876,False
2025-06-17,0,1,0.5786011045056791,False
2025-06-18,0,1,0.5685995544361417,False
2025-06-20,1,1,0.5853199615344423,True
2025-06-23,1,1,0.5661734599820033,True
2025-06-24,0,1,0.5747811724161446,False
2025-06-25,1,1,0.5680692046272126,True
2025-06-26,1,1,0.5378343101520581,True
2025-06-27,1,1,0.534505887846591,True
2025-06-30,0,1,0.5209411927482551,False
2025-07-01,1,1,0.54705855958375,True
2025-07-02,1,1,0.5092990507523212,True
2025-07-03,0,1,0.5166865039730584,False
2025-07-07,0,1,0.5234721677937612,False
2025-07-08,1,1,0.5252344009427221,True
2025-07-09,1,1,0.5013051278019198,True
2025-07-10,0,1,0.5026339742297165,False
2025-07-11,1,1,0.5297288141060833,True
2025-07-14,0,1,0.5162487585572079,False
2025-07-15,1,1,0.5456321817195051,True
2025-07-16,1,1,0.5311719174635224,True
2025-07-17,0,1,0.5505291601678188,False
2025-07-18,1,1,0.5605195420332073,True
2025-07-21,1,1,0.553777377138764,True
2025-07-22,1,1,0.544150362681577,True
2025-07-23,1,1,0.5393365762982519,True
2025-07-24,1,1,0.562785095581565,True
2025-07-25,1,1,0.5129773709956975,True
2025-07-28,0,1,0.5150143449483425,False
2025-07-29,0,1,0.5274002470921803,False
2025-07-30,0,1,0.5465265770562359,False
2025-07-31,0,1,0.5491570319883707,False
2025-08-01,1,1,0.6015143155536717,True
2025-08-04,0,1,0.5513699558395563,False
2025-08-05,1,1,0.5945409735225535,True
2025-08-06,0,1,0.5855085188333164,False
2025-08-07,1,1,0.593136417944494,True
2025-08-08,0,1,0.5583939064307482,False
2025-08-11,1,1,0.5819839596883303,True
2025-08-12,1,1,0.5484626974534054,True
2025-08-13,1,1,0.5580868828994648,True
2025-08-14,0,1,0.5490624746806725,False
2025-08-15,0,1,0.5504561000041768,False
2025-08-18,0,1,0.5533979623428826,False
2025-08-19,0,1,0.5609973547592668,False
2025-08-20,0,1,0.5645211773114291,False
2025-08-21,1,1,0.5474852332897235,True
2025-08-22,0,1,0.5404886314217858,False
2025-08-25,1,1,0.5628272484017339,True
2025-08-26,1,1,0.5596135449014026,True
2025-08-27,1,1,0.5480915543455633,True
2025-08-28,0,1,0.5398125386536691,False
2025-08-29,0,1,0.567879025764468,False
2025-09-02,1,1,0.5748082392012145,True
2025-09-03,1,1,0.568191923897544,True
2025-09-04,0,1,0.5618063316651201,False
2025-09-05,1,1,0.5815118845894939,True
2025-09-08,1,1,0.5762068031493346,True
2025-09-09,1,1,0.5429788720694536,True
2025-09-10,1,1,0.5382379209534569,True
2025-09-11,0,1,0.5256117019950606,False
2025-09-12,1,1,0.5445715187625221,True
2025-09-15,0,1,0.513495705361678,False
2025-09-16,0,1,0.5236726368636015,False
2025-09-17,1,1,0.5335839395453716,True
2025-09-18,1,1,0.5350552526381741,True
2025-09-19,1,1,0.5052723222224337,True
2025-09-22,0,0,0.48397409731906593,True
2025-09-23,0,1,0.5153538811313977,False
2025-09-24,0,1,0.5191239404879635,False
2025-09-25,1,1,0.5353733126287424,True
2025-09-26,1,1,0.5223865706182164,True
2025-09-29,1,1,0.5477710765072622,True
2025-09-30,1,1,0.5390143738738296,True
2025-10-01,1,1,0.5412029839731541,True
2025-10-02,1,1,0.534944525649151,True
2025-10-03,1,1,0.5461105275595949,True
2025-10-06,0,1,0.5290516611504497,False
2025-10-07,1,1,0.5385355890566318,True
2025-10-08,0,1,0.5304545046558758,False
2025-10-09,0,1,0.5527577189806187,False
2025-10-10,1,1,0.6222504997782169,True
2025-10-13,0,1,0.5529401073235871,False
2025-10-14,1,1,0.5875246086511178,True
2025-10-15,0,1,0.582471037087991,False
2025-10-16,1,1,0.6079965183629823,True
2025-10-17,1,1,0.5609141411208458,True
2025-10-20,1,1,0.5731637716948669,True
2025-10-21,0,1,0.5780575461194938,False
2025-10-22,1,1,0.5895917601425515,True
2025-10-23,1,1,0.5508355963335957,True
2025-10-24,1,1,0.5328140456133782,True
2025-10-27,1,1,0.5552397905641879,True
2025-10-28,0,1,0.5494673261146936,False
2025-10-29,0,1,0.5320419555205125,False
2025-10-30,1,0,0.49937785577215543,False
2025-10-31,1,1,0.5039628296907582,True
2025-11-03,0,1,0.5219680448721568,False
2025-11-04,1,1,0.5581146343578457,True
2025-11-05,0,1,0.5287282430670446,False
2025-11-06,1,1,0.5751284819556878,True
2025-11-07,1,1,0.5921152223030824,True
2025-11-10,1,1,0.5684708417482133,True
2025-11-11,1,1,0.5664535856817641,True
2025-11-12,0,1,0.569185075798675,False
2025-11-13,0,1,0.5854858576046394,False
2025-11-14,0,1,0.5824513715864573,False
2025-11-17,0,1,0.6183316017588673,False
2025-11-18,1,1,0.6216233280935198,True
2025-11-19,0,1,0.6250438622348158,False
2025-11-20,1,1,0.6360961576365438,True
2025-11-21,1,1,0.6178225380121882,True
2025-11-24,1,1,0.6043137229371386,True
2025-11-25,1,1,0.5943226401734423,True
2025-11-26,1,1,0.5750192390337794,True
2025-11-28,0,1,0.5286509497992785,False
2025-12-01,1,1,0.5520308540902131,True
2025-12-02,1,1,0.5338391777341,True
2025-12-03,1,1,0.5378021611549723,True
2025-12-04,1,1,0.5257838121178344,True
2025-12-05,0,1,0.5213588043160869,False
2025-12-08,0,1,0.5245064578295827,False
2025-12-09,1,1,0.5127421014407284,True
2025-12-10,1,1,0.511316027330325,True
2025-12-11,0,0,0.4881470370226739,True
2025-12-12,0,1,0.5347729090431783,False
2025-12-15,0,1,0.5255089900505082,False
2025-12-16,0,1,0.5576576123501782,False
2025-12-17,1,1,0.6090974729640918,True
2025-12-18,1,1,0.5907263170449678,True
2025-12-19,1,1,0.576566966571059,True
2025-12-22,1,1,0.5654681561598542,True
2025-12-23,1,1,0.560319790377129,True
2025-12-24,0,1,0.5432513214773161,False
2025-12-26,0,1,0.5427007707243258,False
2025-12-29,0,1,0.5339968618310382,False
2025-12-30,0,1,0.5416841403908319,False
2025-12-31,0,1,0.5677997330283823,False
